Crop,Rainfall_Min,Rainfall_Max
Wheat,25,75
Cotton,33.33333333,58.33333333
Grapes,50,66.66666667
Corn,41.66666667,75
Avocados,83.33333333,133.3333333
Berries,66.66666667,125
Tomatoes,50,100
Capsicums,50,100
Carrots,58.33333333,83.33333333
Potatoes,75,116.6666667
